{
  "train_loss": [
    3561.579591500813,
    1055.7343221120705,
    859.1216686127951,
    750.382366197681,
    724.2386895779571,
    747.7299152909361,
    677.17764337462,
    659.0034725137426,
    669.5788804826693,
    636.8899754312782,
    619.1746721224547,
    603.804283176612,
    624.342142096472,
    612.029866766606,
    545.0769754124982,
    530.0442395792827,
    516.0219950956457,
    507.75713255178874,
    506.3087774768674,
    495.11922472095057,
    491.3400199510393,
    458.86563697228064,
    459.76880076136524,
    432.29138970698705,
    453.61335250371184,
    436.5316753818978,
    433.3752023688269,
    413.46692992335534,
    404.63626305765695,
    398.02862403835104,
    373.19366330798397,
    376.9252628654376,
    362.5115327446709,
    343.32160984229176,
    362.3105490844174,
    351.85694298377405,
    350.40589808123144,
    328.44261003727286,
    320.8673895236054,
    313.57895988360787,
    299.87101773223185,
    293.7986607616304,
    285.7066252005046,
    295.10361387503093,
    274.78394611065204,
    268.9876246732824,
    265.7257386634792,
    269.8558963413152,
    256.157535673806,
    262.5449310578912
  ],
  "val_loss": [
    1297.1523982456752,
    688.2927469526019,
    694.8639215741839,
    645.4133028302874,
    679.0427262442453,
    662.7786778041294,
    673.6786444527762,
    504.56543268476213,
    544.7798374720982,
    553.9844218662807,
    580.2001953125,
    621.9966855730329,
    535.947490147182,
    621.9716115679059,
    425.8755771092006,
    423.5555964878627,
    419.2099454062326,
    401.25191852024625,
    401.4987637656076,
    368.9558298928397,
    414.6595464433943,
    402.047942842756,
    369.1497091565813,
    484.6178547995431,
    351.29982839311873,
    320.7759110586984,
    340.82672936575756,
    294.32116998944963,
    316.262977872576,
    306.1914021628244,
    261.35482910701205,
    252.43732561383928,
    364.9641660962786,
    310.36703981672014,
    239.52537127903528,
    270.7479996000017,
    212.0679313114711,
    294.5209477288382,
    175.90473583766394,
    173.51286847250802,
    381.29848507472445,
    178.1626672744751,
    156.46102251325334,
    149.3383734566825,
    156.41635050092424,
    142.1204252243042,
    124.30402932848249,
    123.19003690992083,
    146.72709710257394,
    155.86022118159704
  ],
  "val_rmse": [
    