{
  "train_loss": [
    3804.9860922696903,
    1253.5096057184142,
    935.3837963811952,
    777.6659211724052,
    756.0173857675958,
    669.6869773346914,
    639.5379641433647,
    641.6899668145503,
    612.2891710376308,
    607.6668788167686,
    561.9395756095782,
    588.0257978482484,
    554.4664117459258,
    542.4643778391014,
    522.7736336548404,
    506.6977081989271,
    430.9178236188932,
    407.3155474080219,
    383.46236699307127,
    369.1578551417562,
    346.7329295576967,
    342.8566970479974,
    331.90076746875883,
    321.58257248822383,
    308.21036574419804,
    302.008104005011,
    291.75254839038416,
    270.8573740963483,
    268.4818856079654,
    274.6180197254026,
    266.2019247339861,
    253.66641663426188,
    246.5530602295474,
    242.05596002086796,
    232.86320008843194,
    235.40212208329282,
    218.36677482225238,
    215.14498763278598,
    218.4772000550145,
    213.2869939674619,
    204.07795694618744,
    196.66962650350857,
    202.78349797865923,
    200.74494050315062,
    200.94111584969775,
    192.90166079836195,
    179.34692862670346,
    159.20874741498162,
    157.91483752220464,
    147.3437038438892
  ],
  "val_loss": [
    1256.3008728027344,
    1043.8075147356305,
    1388.3359146118164,
    568.3437794276646,
    682.9199322291782,
    592.8964020865304,
    758.9749646868024,
    492.03407287597656,
    475.45627321515764,
    428.6940814426967,
    582.3853787013462,
    480.45219857352123,
    684.1713769095285,
    431.7504964556013,
    432.30898884364535,
    478.6723352159773,
    324.7255875723703,
    272.36446898324147,
    314.50183146340504,
    232.76898002624512,
    222.0182521002633,
    202.18888936723982,
    306.9906142098563,
    237.6699344090053,
    161.00672340393066,
    155.04634039742606,
    172.54928616115026,
    140.34000764574324,
    168.08210795266288,
    117.01914351327079,
    127.69790976388114,
    147.4088555744716,
    120.78526960100446,
    213.39922073909216,
    119.97135598318917,
    102.44844695499965,
    183.33190257208688,
    84.82508659362793,
    87.85614674431937,
    98.341148853302,
    69.25556523459298,
    82.0091792515346,
    78.70442165647235,
    122.19251557758876,
    75.41417578288487,
    79.57512814658028,
    90.55636419568744,
    55.323699133736746,
    59.90623671667917,
    59.17872551509312
  ],
  "val_rmse": [
    30.186141967773438,
    31.92784881591797,
    16.00634765625,
    19.45717430114746,
    23.480792999267578,
    15.176194190979004,
    13.401491165161133,
    20.54726791381836,
    19.344165802001953,
    17.053525924682617,
    23.565265655517578,
    15.820233345031738,
    14.516471862792969,
    18.803516387939453,
    19.88918685913086,
    13.904399871826172,
    12.508012771606445,
    14.469295501708984,
    12.671847343444824,
    12.646366119384766,
    10.833123207092285,
    12.262639999389648,
    10.688916206359863,
    12.271294593811035,
    11.547886848449707,
    11.237133026123047,
    11.358208656311035,
    8.829911231994629,
    6.877450466156006,
    9.03154182434082,
    9.725252151489258,
    10.58983039855957,
    8.724353790283203,
    8.294251441955566,
    9.117110252380371,
    7.996476173400879,
    7.390328407287598,
    6.623488903045654,
    8.508471488952637,
    8.915547370910645,
    7.093454837799072,
    5.843148708343506,
    7.661952972412109,
    6.281680107116699,
    6.915554523468018,
    6.672845840454102,
    9.220599174499512,
    6.053832054138184,
    7.024945259094238,
    6.854399681091309
  ],
  "val_over_rate": [
    0.22597108023816276,
    0.09186277289481146,
    0.38247802665154523,
    0.16529628579529346,
    0.09951800396937907,
    0.2789906436064644,
    0.3694357811170967,
    0.12843776580663455,
    0.1514034590303374,
    0.2174652679330876,
    0.06209242982704848,
    0.19875248086192232,
    0.2529061525375673,
    0.14658349872412815,
    0.08817692089594556,
    0.2092429827048483,
    0.20243833286078822,
    0.12390133257726113,
    0.17521973348454778,
    0.15707400056705415,
    0.2489367734618656,
    0.12418485965409697,
    0.2653813439183442,
    0.2591437482279558,
    0.1326906719591721,
    0.10008505812305075,
    0.15168698610717324,
    0.2452509214629997,
    0.28664587468103203,
    0.20810887439750497,
    0.10405443719875249,
    0.15934221718174085,
    0.18117380209810036,
    0.29203288914091297,
    0.16954919194783102,
    0.16529628579529346,
    0.22228522823929686,
    0.23787921746526794,
    0.1358094698043663,
    0.08023816274454211,
    0.1902466685568472,
    0.24298270484831302,
    0.1281542387297987,
    0.27303657499291184,
    0.146867025800964,
    0.21236178055004254,
    0.05188545506095832,
    0.16302806918060675,
    0.08080521689821378,
    0.08675928551176637
  ],
  "learning_rate": [
    0.001,
    0.001,
    0.001,
    0.001,
    0.001,
    0.001,
    0.001,
    0.001,
    0.001,
    0.001,
    0.001,
    0.001,
    0.001,
    0.001,
    0.001,
    0.0005,
    0.0005,
    0.0005,
    0.0005,
    0.0005,
    0.0005,
    0.0005,
    0.0005,
    0.0005,
    0.0005,
    0.0005,
    0.0005,
    0.0005,
    0.0005,
    0.0005,
    0.0005,
    0.0005,
    0.0005,
    0.0005,
    0.0005,
    0.0005,
    0.0005,
    0.0005,
    0.0005,
    0.0005,
    0.0005,
    0.0005,
    0.0005,
    0.0005,
    0.0005,
    0.0005,
    0.00025,
    0.00025,
    0.00025,
    0.00025
  ]
}